"Id","Predicted"
3016,223792.369563695
5492,277178.116595922
2757,95991.4193416158
1397,208724.277206337
510,55475.8150478439
4985,437047.666885937
2071,223552.980938798
1130,176825.076972476
4438,95427.1783958261
2126,218262.933316606
5663,288720.2273614
5579,423664.504289433
1367,226110.764378264
1550,218331.103388613
1444,95236.2924706821
1594,235574.637990069
5351,265832.244409226
581,170587.143388817
3968,369706.208689976
5679,315393.499364238
436,271624.768282811
3441,382515.386236915
155,343748.376573349
1822,190984.612665748
1303,89564.353693211
3683,195242.520355304
4141,243433.669828205
4420,411143.641126995
21,10627.2303199381
5769,358364.333699697
5717,357135.056729049
2423,254147.166685396
2556,256371.64876702
3789,289344.146707366
1484,152541.937019133
504,308889.925448366
5537,247281.459041143
3140,376029.657426106
2766,253292.268628566
2247,95962.7320189168
3104,237423.882338647
5618,386373.506083961
4087,293644.534131727
5851,309879.252219526
5140,280292.899188978
1999,201563.940233569
3938,359352.512207542
4751,198382.531802987
81,177175.618744034
3181,224892.558773015
4108,195551.69960033
4840,55329.9032593707
2488,159275.094877229
216,203494.433145454
5076,285923.329449445
3581,297443.694305628
1464,249828.27877227
973,48567.581247033
5108,355151.025027098
4220,257257.670484337
2277,211442.458665376
99,258060.014411252
3788,312909.671208044
3217,281032.498233569
2647,168757.93502376
1319,91019.7368658074
3231,99663.0185687842
5173,368739.042798812
466,152043.734253835
1451,60903.6702926503
83,72872.280406963
5244,333929.860147129
819,233706.894152514
2981,92361.0954779078
5486,340170.15517728
3816,441235.062372238
4684,133215.970031582
2737,333112.045363862
3596,380204.78878037
3762,241853.303144386
3801,245942.231312454
3800,248950.510150946
223,309585.367986268
2160,229842.587212212
4491,99703.673034816
5832,398408.826833613
2031,110285.650356848
4277,254903.478267334
4687,197849.653508742
172,236224.857021925
2814,201501.596829959
4579,186782.753501933
5026,281734.03397589
770,215227.559244093
1371,91003.8140159882
389,127632.215661458
3175,242525.537266498
5100,173290.519990198
1911,31374.9879226551
5320,277442.152198634
2866,215483.227123005
3479,116360.250976695
649,177585.016954397
2845,213484.990428623
5343,166907.672803377
1547,276699.035152593
3773,134158.477015196
3956,245435.942472254
3815,416024.063172753
1621,211876.518215414
4066,82234.0320423279
5644,164691.705278825
1485,213018.557455916
4896,109443.027766435
2693,226916.421141829
3785,400534.998169387
1292,88044.7178648238
3431,222309.524530861
3311,87748.6533129683
5831,348235.187779312
5807,298793.341412176
3476,116972.336032167
5008,145883.336422413
5086,281653.084816257
1456,196564.247430553
2566,208106.159333769
2832,206131.589780691
1684,133406.715006741
1897,162965.566748774
4362,88720.9961552764
5179,268449.397131148
2591,232800.370325928
2700,243601.429875013
1156,171241.548769285
1478,66663.0794961743
4719,138159.934621565
3669,127694.767963552
3138,86228.7895916529
5234,342626.211565341
5723,333801.331065592
1789,143230.809500943
2169,200098.57717389
3667,405244.296579827
1325,91090.7543623325
1153,49463.0241150194
1245,89714.5690773075
3283,170684.471795047
5229,341593.252792884
2062,201079.061443585
1161,379835.902711413
5215,265531.744347097
2098,235432.922606366
75,345591.188689623
3517,347718.29531793
501,72612.0641422494
5709,387728.082944427
709,66053.8180621256
633,241896.739411392
1762,366871.975861151
5870,202858.399496794
4742,201063.490883045
265,4669.37872101963
5004,374250.913385897
2657,226621.248291872
1022,58806.2002253608
3327,304929.431622801
2964,220513.459687007
3715,284532.058389823
3998,245498.737679013
3692,71348.4618299395
4952,445401.475990271
2602,208657.927867838
2810,74323.2959434217
5570,222665.709341189
2171,223490.518113283
1715,21001.529155688
2485,209879.464946044
5098,361489.217498675
804,175955.41739371
4629,193648.363324701
4676,135659.333397535
3322,112768.261632466
5779,243643.315599738
902,142187.673714398
2352,108184.223646802
1914,74487.309717386
3898,249815.030012649
5677,502413.662488931
2327,207066.526371282
663,63381.3338814381
4272,410574.8879697
416,229530.426048925
5398,107428.779598044
1082,188094.43307728
1315,90683.3659609744
2227,85421.8866815585
726,329559.625447926
3384,209574.477662624
1317,95796.7772090052
1467,375490.247229534
3400,34056.338764822
1499,135043.674400677
5481,274064.681242579
1030,146842.827099113
4605,132242.821708167
3126,115044.248695473
513,195365.467845439
1385,92181.1121829189
2225,120780.810680192
2320,67680.691366179
4827,478669.29550191
3771,111762.879948886
4502,261215.578889756
3566,63299.837044357
1126,5408.74092290799
49,196560.280087307
1848,93428.2138362715
5449,285507.019143484
4127,113438.845629071
1063,5791.94578237354
5432,339060.705745778
137,189022.731759239
2767,264739.745849762
2365,200977.001088209
121,375833.699045677
5187,238483.099366248
1208,81251.9053958527
4262,299470.068459075
5784,264273.372651108
2427,378087.992844166
2419,97994.99283608
1432,159752.695576376
1788,218649.343716295
153,33925.1828115982
996,206440.522446839
4544,175938.423596436
4480,222053.048654765
1881,159294.767182142
144,223619.849919123
2742,251507.476257592
2152,214991.325680861
1399,225387.373287386
2685,170153.143437088
2736,187655.714596621
931,304185.520574477
3575,226264.101746975
2229,168110.868582307
4299,371880.212417309
1809,245483.289633725
88,73065.055512156
837,175949.873248407
2051,227574.910937417
4554,183418.246404921
2801,102133.595784365
4223,57490.4197023638
1815,62191.3937325409
4088,472766.8588811
5172,243709.584668309
2149,167991.250549473
870,138637.460495503
220,220022.956044893
643,300333.092055001
432,231653.042572334
3361,283239.254149031
1344,97041.0992926403
1480,149908.559699458
123,315528.010666935
3295,209126.258894458
1248,88239.1543225328
5733,245497.545913826
4170,266185.127518416
5879,355523.360589287
1183,395985.423663459
1839,45121.2445632951
5265,307453.622183739
4208,183225.34519678
4749,204508.076435416
4940,279863.918879144
1595,214100.381382378
4058,304366.627670732
5024,378583.788049886
3702,162135.963559014
712,243463.685121002
5045,167200.740192022
1701,361260.887964732
2800,136109.8009277
4586,190553.893732113
2560,207872.892473058
942,195101.235540788
5464,390045.320454987
5423,337413.204524719
1829,392867.55962062
5843,299519.045663457
386,37027.80251395
2663,221274.512263031
2888,103249.458041536
4869,317306.530257991
5411,241051.7398685
1271,88428.5864385668
2107,268902.689850023
3319,126152.847080282
5388,302751.724614782
4185,247532.683774042
889,307564.35870099
3766,200346.787847256
4890,104397.723241256
5522,375284.266569879
3191,247893.044243748
1558,194114.721422097
4864,261005.561981462
2984,164541.640704374
5684,316387.58600428
1967,252936.608538889
6,14391.947086062
2310,250292.00450494
3045,167165.701002212
4559,183838.710035985
112,142910.061749725
5641,197425.726998547
2719,98962.5386426077
509,241124.79554241
2897,207804.417450253
3355,55389.6676247085
3391,83835.4560513644
2108,114102.040665963
5624,353477.403447817
4092,291567.022772382
36,10583.012650988
4285,401122.331254188
1459,189743.881314253
57,328362.520030732
2722,278574.016141947
2083,197630.50210217
908,142156.319511259
5458,492436.891172705
285,178042.750324491
5599,375264.118081986
2003,203653.924152942
122,311620.235924889
4741,201665.245774703
2959,212052.250635921
2754,109639.923407138
508,135117.291928138
4030,450219.26175975
806,135871.721033902
4966,164314.77448784
5009,176872.338196535
1163,189058.502258053
5401,364139.009626236
4678,194703.891728948
2770,166848.123283291
18,51008.830300956
2559,317736.040268705
3711,368643.959241418
3365,92084.1692735039
2321,34901.6608271325
5005,336739.867062876
2140,291556.094454417
3054,178395.63054317
1221,83521.5293398895
3996,235489.863859568
4879,304698.886025635
1776,142137.604060213
2322,243166.105304967
5872,226686.022733167
415,128468.222000734
2537,211977.668423452
3709,282825.292557946
5479,158027.042995926
5377,89254.1811761352
3986,247723.594883487
727,218021.962422251
2447,203642.048955518
3553,424758.209533319
1616,74257.887593724
1414,207024.552031936
1046,205420.899597861
3674,295847.471001545
3342,211129.503549569
1106,171149.720345388
4129,244189.868492517
989,74726.8403642228
815,127971.313875215
4388,192037.074442139
2450,204656.536725307
9,68117.1751554182
3303,270153.04415035
915,195013.792087731
2266,250632.093924056
972,73257.6842993069
3811,254691.462534732
52,362229.747499088
1682,55477.9604844615
4504,475613.142737662
1446,229237.630081159
4190,245159.767770906
4310,283185.767811856
3880,428271.674829521
921,69702.2418883612
3133,207834.945214861
392,171266.502250948
5450,300106.329127909
3874,248342.402698182
4799,205836.016924113
1768,184703.540674181
4733,136503.807333029
4598,190969.617479414
5416,324120.936758152
74,337114.180415423
3988,325284.673112657
4360,254867.129620499
213,1982.63673761806
3389,215578.055784772
2405,98934.3398154843
2491,247426.742049457
2267,157362.481676011
2283,37749.783114788
328,351484.424500566
2236,260905.032220463
741,169913.210055687
4498,309418.761426459
518,177918.887969521
888,44998.4011039216
3447,272801.86548395
4395,261747.87390432
3987,357941.741972729
1391,230668.516709805
5218,327299.256634639
4240,145560.62135951
3430,54624.4295798641
5725,393335.189265008
4014,78533.0431679661
5210,425544.358347123
3014,223314.02333768
1018,142938.22988105
4267,238913.099509834
728,371497.76608811
3655,95628.6366168724
598,246319.533222549
5665,282095.39332261
3545,183423.674367337
1743,177222.898517392
5489,157017.751125433
70,346827.906581458
2806,279520.047280195
2739,149209.858442337
5774,333605.731161037
308,172512.25973979
3726,239131.038601858
1113,36663.518272557
3343,232085.564943318
2414,294368.637809748
489,69063.3100600067
5330,368016.512833431
4081,254303.407556209
4027,370459.26114541
318,168175.589257934
4015,74703.0332058059
5842,267114.512247899
1396,189198.187788567
2316,200897.316358843
4346,93783.3788959057
3149,131726.939850744
3928,285178.875046037
863,73486.9469498883
2834,211983.06577468
4042,105758.033721821
635,165132.059534526
5331,365021.110660362
3369,178324.461816223
2925,218363.829323368
2053,195829.352220238
2042,202280.958740796
309,134519.753942306
754,220552.163277801
4461,429735.599527888
478,12654.0890330064
3544,455837.036863917
5806,341914.15201896
2298,169644.267613602
1946,77690.2878596859
3088,58366.9542222115
4471,254926.7617933
4591,183491.005294901
3256,416264.784113398
4009,145885.972863344
1213,85295.9089052061
1388,191630.371556007
752,170838.230043986
1638,219498.0143888
377,171640.150748778
4370,300422.619541954
1038,138802.579350219
3338,194302.223139251
1160,215113.713807101
5052,178910.869701904
3064,258924.521818612
4612,191542.699043054
2774,253520.068476301
1963,100471.074205338
5186,214731.638098515
4708,200903.94503706
1823,399663.003533855
3527,230178.058852771
1923,250873.917103778
3152,131772.222399693
1609,92164.5120414727
5626,357976.419023523
2167,373956.136886892
1091,115524.383695428
2056,369294.365296396
1607,71351.2136271828
1096,69959.9583440545
4430,405509.559210756
5606,279316.630409392
3100,217822.610727821
608,175324.325078242
1771,226046.617846786
5551,274696.66524627
2533,163753.061315509
2329,206879.80294403
2370,91901.1695540782
4479,345939.04999557
1718,149435.916456089
3385,201004.225360029
5418,337567.282933074
1901,198522.189868902
4441,241052.081831129
4000,67674.2512921071
5587,377901.147009186
4258,329739.96591602
2782,201331.502214898
4518,308039.043160766
2781,155838.22036043
1042,180528.194754461
1186,179687.252137699
5484,266543.597217583
1071,8773.7022529162
3830,129387.857632929
1772,189245.694851144
1774,89845.8072234395
375,251672.915704926
846,249688.800041732
828,175328.776791674
5221,270853.067880461
2130,393914.690040461
1108,102359.385005426
491,41458.0096648821
875,143121.776231552
1567,245255.105956416
557,173014.210740787
4709,197119.624271645
37,47251.5496916989
1001,317033.748182624
5428,109951.561384337
589,118922.765293369
2680,140144.942357095
5396,265189.194055639
284,159281.739139799
4932,293259.134796227
3329,191913.572961491
4137,86121.082868947
4516,307254.326272696
1264,88654.582752142
3471,61071.9468182886
2182,103814.013636106
4298,286063.12397324
5258,305941.267708344
2764,229065.3983807
1997,189449.346334421
2363,220104.361966533
2026,77197.686009379
1675,250264.64334033
62,332357.175191591
3925,382693.860200866
3757,274841.142355218
5414,270720.930873297
1212,86591.1748466451
1347,93264.4336464047
3681,105423.283148538
914,55832.9013648407
2366,94443.8751108282
2633,105890.050251083
5759,363418.443558012
2251,162682.036536847
1973,202810.638159526
5698,385199.201095037
1431,84715.9849134872
2938,210286.303385525
4179,62551.5137785961
1540,257819.300661149
4122,235659.854489716
3836,107491.821678162
4356,275168.351145287
5246,432632.167945526
2939,218540.559927992
4791,263853.871810208
4411,98548.0876044397
1454,88094.7915180017
3219,405896.63903759
1990,74680.4815993216
178,157943.574764461
3374,177050.340965436
1746,179647.511380712
5852,201344.730425001
2437,50943.7086696962
2418,98150.9446326892
5066,210638.116266645
5409,336307.700929843
5884,294361.065588012
360,334143.70841615
69,329668.183900779
1000,356861.150136276
5694,314773.967506712
402,59333.6221030298
3300,217034.137743084
5878,291060.183027905
1831,382306.985352014
4625,129179.399686391
5390,282810.728032254
176,336875.813815623
568,934.263012556434
5134,420623.271213323
5577,88198.4989249955
4038,363345.349846252
4374,90443.325254726
4597,187892.380905997
2380,279575.663134521
3019,223151.593506401
1122,388589.639701773
1144,165179.836172745
3032,223651.264562567
4378,312792.306115984
1935,202141.192663388
4564,185117.320941101
5776,261527.52610773
5848,201692.487194769
2237,196366.081507854
3372,86743.9179125001
4429,434525.531812726
445,232746.248013064
522,316817.647166465
4779,302367.189997994
3863,292312.949510877
4726,199144.384254705
3473,72005.3224750416
3316,176747.197528266
5809,347052.273728159
4383,244155.933161918
5213,341537.165764928
1458,84458.7970386615
4532,360265.973592017
2282,163075.510241
5092,337161.208356593
4484,316584.236999712
600,164842.009232612
5208,304894.88159314
1316,89604.160492082
5220,179465.499712377
1561,194875.615598293
3755,273294.837096579
5297,214677.995886689
1509,368248.75862729
2478,80355.5188201833
2521,148313.415142119
4113,377552.59039467
5312,429831.159219021
1882,209961.739261674
1228,86481.4573370961
3943,374819.026946047
1810,244990.834155724
4064,115702.386520445
5269,160198.594773181
5516,384830.300422216
3275,286165.689488964
3922,236490.217653007
790,207628.408481175
1453,230366.513021172
3543,282092.289071304
2175,328617.785519586
3787,277725.958366892
4226,420897.986687555
4495,480241.604160246
3381,207051.290181755
3171,228681.788032707
5206,281213.467695292
5124,441733.706995217
1348,93458.4259258696
4977,262862.578717171
523,318858.535460814
5748,321550.860182275
4006,145557.852223471
2211,76724.0680224431
2226,235190.838707671
2629,275478.866777328
3096,274969.382448773
4691,198186.024413575
1239,85706.0462068405
458,253812.114409478
3268,226531.145562682
1102,116074.844020521
909,239453.536941008
1601,196650.152279571
479,135635.801497952
1608,252307.126531808
1996,199565.983491708
4918,261474.092150055
2075,169628.30818062
4320,292376.311542786
1356,183201.096076346
3725,249340.316010666
856,72172.882917093
2254,106133.856356093
2753,108000.630696887
3331,187610.360979762
5164,338685.327916974
2342,165446.459802742
2115,248907.304391951
4681,198542.702721995
5175,386162.097503671
4560,185758.614712976
4476,302797.009688883
4758,203820.237069596
4004,235985.443384288
260,9684.27956505314
397,66197.112963448
5219,115578.69936075
4703,196615.06791438
2914,259862.709595501
2664,380826.231996557
1413,152888.999594925
5018,333422.674570028
2185,267361.343014381
4895,172205.275084469
3920,295662.351692657
2622,287978.601869376
792,227450.179427777
495,294322.720369562
4615,186945.921038543
1766,386737.437450358
2173,207433.591436465
2546,379871.518357682
3222,386235.276277498
4922,356187.632979458
158,123146.299551831
4332,314423.910126493
4440,94233.1154351969
1570,143079.182601522
4273,241069.264894734
334,327270.993365745
1506,201526.971552017
1949,244492.83053738
3511,382608.89787385
5511,130487.009902492
2586,119257.993105224
1060,249690.821251096
3038,79980.0503885406
4828,276838.943383777
4851,109627.658859087
1211,81827.8228819608
1624,124627.654975382
1801,199682.840438661
3564,123213.330441964
1612,68054.4633781234
2625,219526.354207366
4493,490534.504809006
2785,330582.54056987
4112,262959.790897696
573,122389.518691074
2174,277739.945518765
2968,222583.110849176
450,251867.348100688
4930,407139.506927661
904,181592.181811009
3831,109392.669216317
1369,81362.1388331611
4056,313498.192333658
1917,198513.892288074
5427,339248.760874776
56,44032.0368976671
3528,65439.200835376
2260,208097.247319343
4132,202220.758385436
1697,366354.77706571
723,211586.439515272
1650,256871.126492373
2131,382903.992597958
2679,238090.761942629
4268,402215.708793052
813,139944.265729929
2561,325801.666186858
3805,244884.041260452
1603,92345.8033020663
2831,211159.692742088
4059,235943.817450924
5583,378556.647435942
3599,222290.624427068
832,175665.147696507
1240,88738.7755508531
5069,391237.010597154
559,174303.685921022
650,178742.92909421
1262,90145.4957434877
1080,66053.23543672
5109,114048.307083309
2150,114394.009401382
4204,237922.405584217
2525,169256.373046337
1155,72291.8016998473
3779,405641.884774205
2516,45428.104456094
5287,335313.450706319
189,370853.092598398
1931,243063.885198726
1536,217158.106335788
700,180809.726442784
5048,159779.622408384
1405,93992.9146718864
1758,374317.17762602
3244,221291.282357536
161,130895.886006773
2401,132943.605131498
2351,155532.91034487
3749,111423.267291546
1253,87729.5627638138
1628,91854.11614976
3931,451881.46894835
5368,209790.791932172
2315,92877.2322153914
129,1436.54729949194
520,162397.330695842
3682,263046.32070548
5323,63033.9146991099
2081,40609.0408766371
1711,207533.269166952
1440,146947.211138668
1883,139133.591671342
1336,92339.4136581063
4351,449312.311054064
4426,292280.892622742
3722,243112.14152222
45,71117.8116969005
4324,123155.236350417
2585,288240.443353018
3029,234237.472583375
4318,83571.1807685063
3624,228525.569092874
5749,288626.888240912
3926,252381.345041931
5547,162306.2824592
528,151950.585874454
1449,117843.011533471
4345,290220.285183099
3877,247620.82513357
4235,268988.295897313
288,186251.115420227
5708,385968.33378508
2858,199130.701211652
3609,400660.923811785
193,369722.35965674
3435,185350.686583713
2829,211279.717478217
652,33297.471811958
5027,277756.94253872
506,414326.427986044
1654,265861.482472514
4,315155.391182642
3889,284323.818827934
2059,217243.647924883
3781,296156.09152798
2183,213480.115140435
5790,484570.337295624
883,220657.560259041
4669,137048.231991854
4990,341466.10187571
2630,103835.495539325
5628,274580.472744995
4290,400011.794501184
3121,128252.949792751
3416,92431.5884278218
4400,121318.787544531
551,113614.329108522
4337,314844.373757557
503,139293.213136762
5584,388512.367281104
4642,191485.411615624
2918,65063.3297500468
4690,199390.275965296
3306,310882.185788258
4745,196101.186970519
2170,265781.421784198
3486,184595.297467169
5329,298803.211320042
486,231026.34877157
4850,176728.891289388
1643,161399.077185964
2272,369547.294944462
3600,243843.528918382
1565,191823.00370092
1980,79525.0726870605
1688,183667.265352054
5713,387237.926041042
1524,66912.8077264148
5162,280268.354479912
5565,262724.138809068
3590,412285.416727882
3081,128625.910386339
1731,150543.166920242
1128,173666.902210538
2527,158116.260555362
330,346003.403801182
4710,197394.858967643
4688,197933.746234942
2717,163152.616121634
538,239638.014254475
2846,213442.008895085
435,246527.727352913
2113,41137.3214178895
5553,284192.1424685
3588,283840.223227365
222,180375.659176681
1722,263354.828687606
3233,100628.934304305
5726,248686.217343345
2326,185020.288608523
1750,181539.183827667
1533,87236.0803639404
2032,153014.791875454
5317,278349.837934357
2186,216187.176702237
3011,227281.933788544
141,130853.536925246
5581,305501.287326142
3034,213719.614861742
4974,287419.232435745
3225,281210.461193958
2891,249447.214775985
4214,252352.43351958
28,363379.937927874
4241,238864.379579738
5434,318776.611962552
2617,151438.595175046
362,315690.302975655
370,206623.289577039
4195,117120.912487929
855,216604.923217072
757,220369.602522019
317,158904.704580705
711,295970.198763432
3482,190213.358321462
414,39288.8076409531
2816,357256.808430501
4178,46211.8612794329
4373,146625.815144991
558,158593.13544645
4893,162174.158430854
799,223654.534208094
953,144633.260491876
246,125026.678902612
1138,69561.0645371162
515,230377.086078533
5710,378038.149993269
3638,286008.621014459
2942,249381.928404776
447,245815.673259337
614,58090.7966443698
5614,334368.380621605
1327,94882.4796930531
3470,132714.601323182
2215,291492.117423688
3304,330622.116945608
5369,262857.296465755
5264,332140.270994426
4477,221564.84713543
1168,130735.963233565
5589,378882.240702536
3729,46781.8244197025
3594,414482.689171126
2397,213563.522174689
4795,205499.646019251
1352,97713.8411023064
1450,83924.8194675553
203,168203.089964066
5063,339389.298116271
2324,240242.837168998
5865,304428.069325084
4826,262684.309340974
2634,223268.756926597
5373,304321.331845582
2269,196501.7020003
2592,106840.176866411
905,52623.7892846571
3194,246811.843966891
4578,129395.793906805
986,79009.9809814916
1466,178588.814858421
2118,257172.83146609
1575,369482.632791737
4778,113527.626207814
1452,149590.20188896
4082,366265.931444363
3261,406831.41984617
5383,333377.226445064
1085,347573.640972143
368,211100.914895043
2514,221749.90169893
2844,211298.607150903
2804,153477.427033435
3562,66877.5688278551
5138,277411.281506543
2368,208185.570072991
1767,364575.082660858
2133,255385.116621301
2902,269881.186430788
4954,225365.174387759
756,182418.961540417
4008,230145.760748597
234,350154.775290109
4967,109167.184073892
5311,306557.324011265
2262,90930.3928272175
2655,213466.966627716
4131,118598.029165596
5488,176290.829998773
4540,182960.331273513
2519,81653.8640678945
512,58900.1576500527
5742,303515.289033245
3069,219538.554577716
5088,168604.545593304
3659,236928.558990185
3463,237644.624954051
3068,229184.927400346
3672,71831.1769724703
2369,259838.429382613
5339,352571.355853096
4355,311856.210855052
1512,356676.803632195
5758,370551.819514935
4446,306716.150619875
798,174842.233528775
4620,189613.425279836
3884,88474.407116394
4427,250950.955485454
3185,228281.202429821
2987,240296.545824588
340,48171.7840907053
3169,268546.161750317
5470,303309.705159853
669,44387.008196623
3326,126158.634423684
4437,215586.66732882
892,275067.175075681
2438,300561.831034098
3806,236561.966595112
1438,82916.116592509
4882,274487.546181601
5270,342520.42891928
2094,202510.451439741
425,237771.509640614
3613,125126.863390951
4242,248278.320721969
2903,203957.415424965
1993,158257.302973644
5541,330015.492804781
1502,128180.958691439
5193,290381.738846019
5600,376143.637516671
2850,213578.128103588
3006,266920.865386765
1152,134302.586898224
3733,256023.705905005
1780,158371.863544548
5545,308272.34543925
1886,384451.340001591
3878,32800.6701863433
4671,189878.325231033
3976,235696.699932209
3664,245086.934320888
3177,367510.477213973
574,237602.47901965
3246,215559.864984225
5165,282125.636002367
4391,410741.190590297
923,168775.852112292
3572,268423.087354247
2889,118664.664985446
877,302488.355774948
1412,187641.099852133
2565,207232.026566083
5654,456489.693380492
3611,365290.631590358
2520,228627.903125086
1489,222737.2556983
1694,362262.680112227
100,258401.162229444
4761,197446.670589881
4508,218695.981732116
5231,372370.222437087
1149,127524.714487911
2489,219614.829030407
3453,354358.568666928
4835,283562.692453836
5305,148954.565890193
5526,360698.772830004
966,170355.600815921
55,333991.191208809
3698,283727.947145681
4021,265996.036101654
5525,309788.926428817
903,249662.564410825
1418,144817.749010279
4371,316372.025026086
3536,271894.651231961
217,188135.849274562
1267,84294.409013573
2728,206036.455672929
5517,305615.266239163
4233,373139.239179506
3924,276559.5769111
4106,427030.908616401
4800,198690.048388677
1796,197785.30220661
4908,406626.024024006
668,155355.071826564
1852,159411.191950455
3823,259128.212126687
3108,130108.380969833
4644,191844.739037852
1837,374917.13871157
1539,231051.639386601
5598,280545.54419276
1710,210941.63840548
2383,101482.228228807
3647,376897.852429635
1357,134551.41684141
194,357426.390448687
5459,127385.624334523
1841,255233.904996133
2314,358063.152407857
5047,266601.734195233
5145,337855.09890604
935,368627.449594683
1623,248447.723538563
2035,78952.2240149015
2487,196441.986016132
623,246977.666531895
3541,242021.855347794
323,222225.997259151
831,177833.679685263
5575,99795.825395489
2129,214658.232607095
1948,162326.87387261
3199,252813.788469387
4483,217713.110298997
4550,187617.294295989
2384,207535.472810099
2725,156923.110129074
3001,223760.442092452
4229,268082.540407646
1312,95348.7817333286
2074,169173.415748054
3706,376130.944207445
1029,79977.473343312
943,218734.382441302
1381,65654.4729342077
5859,200632.218691298
3153,254937.834757953
3272,121053.433252172
247,63786.3430080251
3939,431795.462459721
4211,229856.709638857
5682,386233.308513928
3777,287709.568891417
2548,256261.965911374
440,235444.216390345
2708,327942.043527009
3076,254262.44497342
543,239442.249301727
896,139367.589345993
2505,202410.747639468
3634,370537.932334087
2286,223441.997018939
2125,218489.001364019
2378,230673.762884323
4449,396994.384143537
2721,226209.203981548
1370,188747.473927472
4096,254732.046222047
1957,163927.120086276
3214,274148.934453259
1003,162419.290062055
429,252606.861258736
2029,238562.469311716
3469,62513.9685123851
3211,210586.099039007
5251,294302.073057431
4777,213771.138889103
3379,206883.104729353
5371,165309.850270967
151,217124.131467745
2137,81926.0183694381
1010,332408.144818975
201,193701.411624013
2542,265036.464801234
2710,199511.709891492
2420,42037.0723784553
1482,216135.501711367
1953,95657.781559067
1813,60744.0256629734
1380,95558.4550719861
823,127145.991919013
4725,136625.078244696
3456,88942.8496397898
4539,234731.517394495
184,152899.864782803
3254,238040.957920787
1075,401789.569806367
2842,213105.637990252
1913,199983.962025499
1613,200605.817123357
5657,346224.570700924
3165,236092.06173158
1699,374834.715770521
1241,84026.9653607484
932,190910.314086859
4149,149691.96107502
452,279698.504819058
2480,266028.795292662
3158,270989.592416546
5782,315862.134168879
2325,106184.696571755
1107,144694.421460119
5232,159582.431133789
110,257378.361511256
4404,129686.693674545
401,49228.9633427338
2033,202327.72703071
4998,371177.336714645
1384,195228.104308761
3724,231179.805882496
3087,227226.617978945
4916,329164.293851748
5032,58062.1940186042
4652,195510.624694705
2406,96496.7729730656
4841,47423.1320361776
4665,186113.643467778
839,172041.998894444
2884,103144.294198385
5722,354719.773715229
4448,389277.769581698
1934,260624.910406065
2656,222223.970637518
3758,282842.038441351
749,221732.045252665
188,310767.200819819
5627,295254.755363741
4692,198270.117139776
218,43333.9631469361
561,170413.620674342
1671,241997.048908264
4855,313465.65267562
2072,95457.9472320249
1739,28412.0128374315
4309,251491.058223814
1229,78096.3555699875
482,252522.076816018
4763,145529.472449207
2442,204096.829960942
444,239369.271438608
5460,127469.717060753
5597,241665.378393063
1181,224559.66284664
138,189106.82448544
1273,81796.4355231811
3033,213986.249137086
1361,149914.04086792
3386,367729.308950954
2933,214969.624203265
4963,164010.118577971
620,58595.3530016045
5430,302954.327341159
2241,210266.563235206
2069,223533.418652358
5797,312376.090315131
1332,89760.4362171925
3916,407552.550517919
4005,200038.417334904
981,361716.390098493
3378,267031.775049916
42,219957.876675599
5433,279433.973637387
2252,157819.846751986
2290,217799.711761477
5849,303850.118492812
5372,275092.668521576
2256,197948.192719971
1680,80811.8735918293
539,239105.878396864
3646,429010.499184727
1610,108190.983003551
3487,248466.291818524
603,217776.819409416
5773,177204.074258975
5502,287953.687306411
4366,127832.143245937
4036,235748.75835814
4526,270735.043279544
3778,287597.503473148
1519,314702.003815744
4097,231779.870497334
5095,106266.882939743
4589,130957.853279935
2946,218455.528631916
15,131427.784271887
779,209986.180309092
1636,46259.9049558775
3189,265515.357373537
4617,126167.93806932
5461,371662.634823465
302,253219.806162008
1582,371041.579187935
5574,74200.9743533592
788,176253.930981635
845,274043.429898459
4887,310915.346047194
1314,90809.3134304886
209,128074.407129423
3917,230996.080396737
5127,280730.576142691
5671,334103.04062505
2232,229293.059267192
424,230917.182253084
3492,117644.598387222
4834,252279.253092952
760,181940.080067826
4055,240351.578856332
1994,158755.767306879
1922,177093.283184808
5680,316195.971934083
5761,441102.397031992
4282,257055.425638304
4278,388060.393169596
2473,269959.606394151
4396,285052.806768894
3101,222988.486636311
4033,288399.229153369
3298,456722.184842824
5858,306614.48685411
4503,258911.308821835
4336,425452.813389481
2900,290649.543293727
1773,217459.218968436
4813,161177.088784881
2899,271940.520634276
2295,163439.708857143
4861,105317.953786149
5539,371829.064229448
2595,248461.845207359
816,199013.266281047
4485,339560.233144129
358,333975.522963719
4095,247037.66169601
1423,36846.9962771189
4093,248921.126236867
2618,242811.180677618
4878,161557.760425896
4497,255704.724330076
4915,349539.915511948
910,70321.1212846329
3168,88643.9215836456
5085,414975.965022251
794,222156.55504109
5097,312070.596652131
2135,100920.229350935
1714,84019.6914688904
2199,207263.330873883
5010,260367.687740937
4624,128170.406459026
550,120584.449783713
2673,235175.55945309
738,174772.17152119
4844,466069.764668188
76,330256.832984214
2205,192572.686896279
3551,405804.087939865
3143,351633.629428112
5342,182874.077330379
2624,103470.113260073
3689,195455.227010434
2076,206718.791019732
5376,141989.910045309
3354,229213.298972266
4071,273958.717542579
1032,205030.040818496
3577,130286.29048245
2620,240702.390947706
154,321884.222189764
1288,87249.5641582207
93,317910.512709843
1252,86830.8246405724
947,11826.7946046865
5798,420671.49834779
282,250426.423122784
5616,334243.51640433
3832,239295.458747812
3310,256558.304782759
1872,181222.137925146
5131,292524.813315147
146,353321.260752594
1846,232248.177909607
3812,27700.1720993111
2550,70825.7014143396
2381,166599.20626446
4558,188290.036105655
257,164552.02171964
181,127506.217215546
2597,102471.5616706
2274,91494.1396996163
2895,207685.317474201
5588,372537.952769133
4630,191071.482538622
5891,356993.872992688
3078,394285.549889226
590,164457.944792136
4635,190949.140263396
5593,379833.094239591
5538,347880.891159927
862,176076.154290592
3693,196083.447617401
4275,301197.070113789
5350,268858.783158017
3530,119207.925127517
3274,136129.815056827
1820,181501.928914614
2124,166744.335723812
3013,251043.207864829
4938,259831.191764296
5334,380788.129328488
3279,268088.437036644
481,10674.8016915794
183,183044.512453489
3714,390804.204642946
4243,84489.1213838029
2978,246369.667529549
2575,103077.381389745
3477,118075.190524109
4842,83805.5992554416
5293,386089.888408158
4636,191171.997228156
2220,47673.8581110838
2675,265600.705726167
107,273285.787792981
1819,204908.006255975
1394,221884.784588301
3676,65532.7779756333
1827,385443.728043958
3375,127799.619700645
588,129168.356426263
1015,327381.009389056
1836,374833.045985339
225,211796.374566436
1334,90397.5176093659
4980,208286.505571704
1969,252043.299820832
2429,151674.68325864
1300,94339.6690188293
5030,52540.0533088493
1951,243277.095060897
4781,138293.699794041
3182,115702.910675688
4499,256628.520986435
1954,203638.982442889
2001,194661.616681556
3678,136956.920729059
2786,224281.673713365
3972,245681.730516004
3559,135778.042643334
4947,283979.118047497
1641,157338.773049068
2784,198903.941336948
3946,241457.081520896
3737,235060.013734587
4988,292558.867135113
5783,363143.138251506
1004,232929.956538305
2504,201707.011055998
2157,258132.939420247
2574,102278.970310234
5871,387866.295398478
5034,237114.010872925
5839,288598.814521224
171,241113.130955331
289,37271.2041979212
3625,118483.297988521
585,228944.384974281
3508,239651.261182838
5250,294200.815148775
3428,115276.567109906
4492,130793.006388387
4527,153299.814378746
5419,226768.026499989
1496,184763.677085257
4225,381880.189503201
2043,295633.389862681
5637,351751.717973698
4387,253047.874117423
5000,323920.879810478
496,259230.629623758
3526,62052.9482966204
409,361363.548237715
1014,326244.138813785
4698,192148.828838693
3980,25204.8829699779
791,174253.58444531
3852,303154.815076712
1712,231785.019870172
4302,211129.49527529
4823,262792.952182315
808,129642.444938884
3653,280762.192576979
737,352643.403927415
927,372535.028101811
703,189227.64396586
118,126716.372052608
4327,90932.141281009
5090,227503.39573661
4384,191645.972335924
5021,321947.008014172
5128,326278.415351193
1656,31931.0329008134
2733,251367.173157364
1266,90925.186432283
2208,220511.517779671
254,197372.55132547
1672,250411.21516695
2716,164879.265151738
5184,262805.424850342
4265,300039.171274685
1132,131227.844083013
717,121623.571718694
639,335722.049044487
4997,157315.709100987
1563,150902.478740558
1073,126239.037119132
4317,157981.80004068
2535,113474.004234024
3500,398668.482706561
5451,316264.294894067
3380,205508.576459788
5645,380830.173181239
3353,312798.305396749
2123,391343.616379234
3868,356006.237533829
5765,362699.143620124
1877,202610.742862449
3259,180119.67712354
5055,361477.787273982
2539,163984.320980579
1830,406267.681994998
1652,73604.1996344942
3083,183716.960794566
3675,317611.35842645
5816,190302.880207037
2956,221573.998134647
1329,144978.80792537
4935,266722.265804937
4377,255558.361713514
1562,261535.483128694
3053,293647.259202721
2825,196796.391670072
5885,296668.072876545
2536,158872.633553446
1797,87928.6488049677
1915,280960.094980074
2684,86413.1701883962
5243,332938.939580037
801,35970.9054281968
3538,371804.22231955
2660,58398.3281043257
383,396725.025344887
3990,124633.210013353
2731,252377.957842187
1062,9055.3653262245
5800,293499.023340761
58,333309.122326151
3434,279030.629917784
3203,172307.397649856
2455,36513.3234104977
2749,222805.282234597
3412,182263.784463013
4852,236238.32973562
374,125242.920105488
708,236081.762026836
1131,180497.56693844
3870,133020.78161053
1924,251673.831412266
2950,211295.416100054
1849,196123.167673426
3776,358183.669677216
136,130829.806374878
586,223709.687067628
1686,204137.468998195
126,21249.1237604159
4978,164698.774775146
1236,264080.398351036
702,34829.3421177232
662,864.169367387397
5031,83701.1823128496
1056,68632.487819058
3694,141152.560525102
423,243584.597151235
5285,511238.894675815
1256,86464.7747572161
3964,270663.285875862
5228,245507.294176209
864,126298.867663752
5737,297404.717055554
3245,360193.144920445
812,64608.6117782762
5397,235391.081528452
2248,102331.962411501
2354,73949.333629881
3079,354134.686465868
5049,311075.802288152
3085,243754.45238014
1649,197694.682460388
2678,248724.947200958
5441,474901.92751081
5443,228784.26463084
5410,268757.476732187
3498,386655.460625949
2791,206350.065214906
1658,93080.0104558901
5536,121940.341335755
5833,327197.872789864
3579,186079.454334602
3257,433635.066966304
95,230382.55270658
616,198249.209129939
2011,93827.1192540924
5225,191244.712176947
1305,90052.4788945919
3552,407538.743145024
5711,388671.99757402
4914,274466.333390553
2275,92951.2645757787
24,164692.450754593
1249,86546.9734689083
2377,215910.5959543
5007,368243.616546695
2941,213261.45841417
277,169526.255551523
897,137041.426632819
3748,198301.509329164
1024,229057.015740527
5393,153059.768991488
5670,289812.632249414
1185,208964.834447511
613,165245.438137338
4982,275988.950577428
5823,469362.652088219
4090,387291.016342346
2706,221626.732663372
701,105503.269614479
1894,204622.868610957
3760,275093.420533851
2672,122417.490512512
1851,73035.3790530155
2402,317511.015460167
3351,349272.194138269
1803,217554.400140896
5352,280149.108184883
2822,226694.380579687
3098,405411.187432837
4330,210860.294280892
1036,186583.706100557
1814,61431.9415801057
1198,78492.0109051503
3206,121498.810888928
32,40411.2201515068
1376,224348.051654922
3218,399272.533298685
5795,222247.121338412
3942,287435.638855502
2399,149010.731931928
4433,313008.591037782
2577,97656.7645582977
2821,431967.455576235
1402,261944.963814196
262,344231.062547017
2783,97098.5004434578
4496,305646.711633201
3377,214568.943070243
721,46417.8178147365
4280,303699.513494507
5704,388896.459704283
1373,92361.2073626415
4453,313932.98725516
1840,287421.29730345
1729,192582.324730102
2701,216997.229719665
3334,116232.911575475
857,119794.62659642
919,74175.0155180804
2518,434897.770719433
3162,230980.928093965
2598,100385.565545754
1879,146031.791413562
54,226353.86463654
596,214789.21899926
3074,225691.182523322
2206,103843.629391504
5273,289980.120100791
997,226538.165301975
427,204258.171510836
1692,384069.705296917
2303,192324.836510877
5387,375086.303407178
3718,457960.484113135
2481,38889.6612250418
546,159497.419705471
5743,170363.516653518
4900,232817.870938783
4246,254090.403270273
2823,254859.704003713
1270,91468.5529667694
659,4681.37175067944
4431,456842.966023295
993,49058.1151582605
2360,135717.310537122
5296,294143.653587088
1800,68570.3144376237
2104,212101.148498097
4423,458934.129244936
3452,168702.75817089
4964,229541.560498164
325,221837.148885889
778,173160.37900458
34,290876.399796222
1593,157291.146441187
5133,144132.006960671
148,216838.547329924
128,-620.570312091686
1751,214564.524214793
3752,131019.497614869
3512,449729.550895552
3075,215346.167035349
1576,373816.4971294
4251,247973.01717707
3965,87391.1552518924
5062,160745.497781212
5777,323618.749535972
3650,227661.896625897
5762,208740.872975533
5591,367678.991303631
4028,165370.822894874
933,191240.33990407
1078,221973.521657994
3063,268936.580189645
2435,160337.960943774
5766,323461.262334734
1884,175102.42932122
3144,247828.231850965
4730,196616.584552591
4505,282110.718197232
